snr_db,haar,wh,wh_exact_mse
0,0.056410143594257535,0.055201172281522305,0.9978637042641639
5,0.085697923428379,0.08462585555389524,0.9933106958866119
10,0.14458728155121206,0.14321016235277056,0.9794808036088943
15,0.24451895691454412,0.2423005321621895,0.9407034531235695
20,0.3882001306116581,0.3829878903925419,0.8522246733307839
25,0.540928793400526,0.5299757443368435,0.7177656385302543
30,0.6472152987122536,0.631390101313591,0.5997132909297943
35,0.6973008319735527,0.6793428674340248,0.5366590532660485
40,0.7159504926204682,0.6972508707642555,0.5119321745634079
